{
  "CONFIG": {
    "title": "Конфигурация бэктеста",
    "walk_forward": {
      "Обучающее окно": "252 баров",
      "Тестовое окно": "63 баров",
      "Скользящее окно": "50 баров",
      "Шаг сдвига": "21 баров"
    },
    "signals": {
      "Порог входа (Z-score)": 2.0,
      "Порог выхода (Z-score)": 0.5,
      "Стоп-лосс (Z-score)": 3.0,
      "Мин. период полураспада": "5.0 дней",
      "Макс. период полураспада": "50.0 дней",
      "Мин. корреляция": 0.7
    },
    "risk_management": {
      "Капитал под риском": "$100,000",
      "Макс. активных позиций": 3,
      "Лимит плеча": "2.0x",
      "Макс. доля капитала (f_max)": "25.0%",
      "Множитель стоп-лосса": 3.0,
      "Множитель тайм-стопа": 2.0
    },
    "costs": {
      "Комиссия": "0.100%",
      "Проскальзывание": "0.050%",
      "Спред S1": "0.0200%",
      "Спред S2": "0.0200%",
      "Ставка финансирования": "0.0100%"
    },
    "metadata": {
      "Версия конфигурации": "1.0.0",
      "Random seed": 42,
      "Время генерации": "2025-07-20T02:34:21.067833"
    }
  },
  "METRICS_TEST": {
    "title": "Тестовые метрики и статистики",
    "returns": {
      "Общая доходность": "-15.70%",
      "Годовая доходность": "0.00%",
      "Волатильность": "0.00%",
      "Sharpe Ratio": "-0.005",
      "Sortino Ratio": "0.000",
      "Calmar Ratio": "0.000"
    },
    "risk_metrics": {
      "Максимальная просадка": "-523806.56%",
      "VaR (95%)": "0.00%",
      "CVaR (95%)": "0.00%",
      "Скос доходности": "0.000",
      "Эксцесс доходности": "0.000"
    },
    "trading_stats": {
      "Количество сделок": 0,
      "Процент прибыльных": "50.5%",
      "Средняя прибыль": "0.00%",
      "Средний убыток": "0.00%",
      "Profit Factor": "0.00",
      "Средняя длительность позиции": "0.0 баров"
    },
    "statistical_tests": {
      "Тест Жарка-Бера (p-value)": "0.0000",
      "Тест на автокорреляцию (p-value)": "0.0000",
      "Тест на стационарность (p-value)": "0.0000"
    }
  },
  "TURNOVER": {
    "title": "Анализ оборачиваемости",
    "overall": {
      "Общий оборот": "44",
      "Годовой оборот": "107",
      "Средний дневной оборот": "107",
      "Оборот на сделку": "44"
    },
    "monthly_stats": {
      "Средний месячный оборот": "11",
      "Медианный месячный оборот": "0",
      "Стд. откл. месячного оборота": "22",
      "Макс. месячный оборот": "44",
      "Мин. месячный оборот": "0"
    },
    "monthly_data": {
      "2020-01": 44.25699879943518,
      "2020-02": 0.0,
      "2020-03": 0.0,
      "2020-04": 0.0
    }
  },
  "COST_BREAKDOWN": {
    "title": "Детализация издержек",
    "breakdown": {
      "Комиссии": {
        "total": "$0.00",
        "percentage": "0.0%",
        "per_trade": "$0.00",
        "annualized": "$0.00"
      },
      "Проскальзывание": {
        "total": "$0.00",
        "percentage": "0.0%",
        "per_trade": "$0.00",
        "annualized": "$0.00"
      },
      "Bid-Ask спреды": {
        "total": "$0.00",
        "percentage": "0.0%",
        "per_trade": "$0.00",
        "annualized": "$0.00"
      },
      "Общие издержки": {
        "total": "$3.20",
        "percentage": 0,
        "per_trade": "$3.20",
        "annualized": "$806.40"
      }
    },
    "impact_analysis": {
      "Валовая прибыль": "$-156.98",
      "Общие издержки": "$3.20",
      "Чистая прибыль": "$-160.18",
      "Влияние издержек": "2.0% от валовой прибыли",
      "Издержки к капиталу": "0.00%"
    },
    "cost_efficiency": {
      "Издержки на $1 оборота": "$0.0723",
      "Издержки на $1 прибыли": "$0.0204",
      "Breakeven оборот": "3,200"
    }
  },
  "DRAWDOWN_TABLE": {
    "title": "Таблица просадок",
    "statistics": {
      "Количество просадок": 107,
      "Средняя просадка": "-0.23%",
      "Медианная просадка": "-0.15%",
      "Средняя длительность": "0.3 дней",
      "Медианная длительность": "0.0 дней",
      "Макс. длительность": "9.9 дней",
      "Время в просадке": "30.8%"
    },
    "top_drawdowns": [
      {
        "start_date": "2020-01-02 09:30",
        "end_date": "2020-01-02 09:45",
        "duration_bars": 2,
        "duration_days": 0.020833333333333332,
        "max_drawdown": "-0.10%",
        "start_equity": "$100,024.74",
        "min_equity": "$100,024.74",
        "recovery_equity": "$100,065.03"
      },
      {
        "start_date": "2020-01-02 16:00",
        "end_date": "2020-01-02 16:15",
        "duration_bars": 2,
        "duration_days": 0.020833333333333332,
        "max_drawdown": "-0.10%",
        "start_equity": "$100,021.17",
        "min_equity": "$100,021.17",
        "recovery_equity": "$100,062.55"
      },
      {
        "start_date": "2020-01-12 01:15",
        "end_date": "2020-01-12 01:30",
        "duration_bars": 2,
        "duration_days": 0.020833333333333332,
        "max_drawdown": "-0.10%",
        "start_equity": "$101,146.01",
        "min_equity": "$101,146.01",
        "recovery_equity": "$101,164.32"
      },
      {
        "start_date": "2020-01-12 18:30",
        "end_date": "2020-01-12 18:45",
        "duration_bars": 2,
        "duration_days": 0.020833333333333332,
        "max_drawdown": "-0.10%",
        "start_equity": "$101,427.90",
        "min_equity": "$101,427.90",
        "recovery_equity": "$101,449.19"
      },
      {
        "start_date": "2020-01-16 21:30",
        "end_date": "2020-01-16 21:45",
        "duration_bars": 2,
        "duration_days": 0.020833333333333332,
        "max_drawdown": "-0.10%",
        "start_equity": "$102,372.57",
        "min_equity": "$102,372.57",
        "recovery_equity": "$102,498.46"
      },
      {
        "start_date": "2020-01-02 14:30",
        "end_date": "2020-01-02 15:00",
        "duration_bars": 3,
        "duration_days": 0.03125,
        "max_drawdown": "-0.11%",
        "start_equity": "$100,013.26",
        "min_equity": "$100,013.26",
        "recovery_equity": "$100,057.18"
      },
      {
        "start_date": "2020-01-03 13:45",
        "end_date": "2020-01-03 14:00",
        "duration_bars": 2,
        "duration_days": 0.020833333333333332,
        "max_drawdown": "-0.11%",
        "start_equity": "$100,202.88",
        "min_equity": "$100,202.88",
        "recovery_equity": "$100,263.15"
      },
      {
        "start_date": "2020-01-04 04:15",
        "end_date": "2020-01-04 04:30",
        "duration_bars": 2,
        "duration_days": 0.020833333333333332,
        "max_drawdown": "-0.11%",
        "start_equity": "$100,199.96",
        "min_equity": "$100,199.96",
        "recovery_equity": "$100,281.75"
      },
      {
        "start_date": "2020-01-04 19:30",
        "end_date": "2020-01-04 19:45",
        "duration_bars": 2,
        "duration_days": 0.020833333333333332,
        "max_drawdown": "-0.11%",
        "start_equity": "$100,342.70",
        "min_equity": "$100,342.70",
        "recovery_equity": "$100,355.87"
      },
      {
        "start_date": "2020-01-04 20:00",
        "end_date": "2020-01-04 20:15",
        "duration_bars": 2,
        "duration_days": 0.020833333333333332,
        "max_drawdown": "-0.11%",
        "start_equity": "$100,342.86",
        "min_equity": "$100,342.86",
        "recovery_equity": "$100,353.74"
      }
    ],
    "all_drawdowns": [
      {
        "start_date": "2020-01-02 09:30",
        "end_date": "2020-01-02 09:45",
        "duration_bars": 2,
        "duration_days": 0.020833333333333332,
        "max_drawdown": "-0.10%",
        "start_equity": "$100,024.74",
        "min_equity": "$100,024.74",
        "recovery_equity": "$100,065.03"
      },
      {
        "start_date": "2020-01-02 16:00",
        "end_date": "2020-01-02 16:15",
        "duration_bars": 2,
        "duration_days": 0.020833333333333332,
        "max_drawdown": "-0.10%",
        "start_equity": "$100,021.17",
        "min_equity": "$100,021.17",
        "recovery_equity": "$100,062.55"
      },
      {
        "start_date": "2020-01-12 01:15",
        "end_date": "2020-01-12 01:30",
        "duration_bars": 2,
        "duration_days": 0.020833333333333332,
        "max_drawdown": "-0.10%",
        "start_equity": "$101,146.01",
        "min_equity": "$101,146.01",
        "recovery_equity": "$101,164.32"
      },
      {
        "start_date": "2020-01-12 18:30",
        "end_date": "2020-01-12 18:45",
        "duration_bars": 2,
        "duration_days": 0.020833333333333332,
        "max_drawdown": "-0.10%",
        "start_equity": "$101,427.90",
        "min_equity": "$101,427.90",
        "recovery_equity": "$101,449.19"
      },
      {
        "start_date": "2020-01-16 21:30",
        "end_date": "2020-01-16 21:45",
        "duration_bars": 2,
        "duration_days": 0.020833333333333332,
        "max_drawdown": "-0.10%",
        "start_equity": "$102,372.57",
        "min_equity": "$102,372.57",
        "recovery_equity": "$102,498.46"
      },
      {
        "start_date": "2020-01-02 14:30",
        "end_date": "2020-01-02 15:00",
        "duration_bars": 3,
        "duration_days": 0.03125,
        "max_drawdown": "-0.11%",
        "start_equity": "$100,013.26",
        "min_equity": "$100,013.26",
        "recovery_equity": "$100,057.18"
      },
      {
        "start_date": "2020-01-03 13:45",
        "end_date": "2020-01-03 14:00",
        "duration_bars": 2,
        "duration_days": 0.020833333333333332,
        "max_drawdown": "-0.11%",
        "start_equity": "$100,202.88",
        "min_equity": "$100,202.88",
        "recovery_equity": "$100,263.15"
      },
      {
        "start_date": "2020-01-04 04:15",
        "end_date": "2020-01-04 04:30",
        "duration_bars": 2,
        "duration_days": 0.020833333333333332,
        "max_drawdown": "-0.11%",
        "start_equity": "$100,199.96",
        "min_equity": "$100,199.96",
        "recovery_equity": "$100,281.75"
      },
      {
        "start_date": "2020-01-04 19:30",
        "end_date": "2020-01-04 19:45",
        "duration_bars": 2,
        "duration_days": 0.020833333333333332,
        "max_drawdown": "-0.11%",
        "start_equity": "$100,342.70",
        "min_equity": "$100,342.70",
        "recovery_equity": "$100,355.87"
      },
      {
        "start_date": "2020-01-04 20:00",
        "end_date": "2020-01-04 20:15",
        "duration_bars": 2,
        "duration_days": 0.020833333333333332,
        "max_drawdown": "-0.11%",
        "start_equity": "$100,342.86",
        "min_equity": "$100,342.86",
        "recovery_equity": "$100,353.74"
      },
      {
        "start_date": "2020-01-05 03:00",
        "end_date": "2020-01-05 03:15",
        "duration_bars": 2,
        "duration_days": 0.020833333333333332,
        "max_drawdown": "-0.11%",
        "start_equity": "$100,406.15",
        "min_equity": "$100,406.15",
        "recovery_equity": "$100,469.39"
      },
      {
        "start_date": "2020-01-05 05:45",
        "end_date": "2020-01-05 06:15",
        "duration_bars": 3,
        "duration_days": 0.03125,
        "max_drawdown": "-0.11%",
        "start_equity": "$100,402.44",
        "min_equity": "$100,402.44",
        "recovery_equity": "$100,418.68"
      },
      {
        "start_date": "2020-01-10 11:15",
        "end_date": "2020-01-10 11:30",
        "duration_bars": 2,
        "duration_days": 0.020833333333333332,
        "max_drawdown": "-0.11%",
        "start_equity": "$100,603.58",
        "min_equity": "$100,603.58",
        "recovery_equity": "$100,631.89"
      },
      {
        "start_date": "2020-01-11 14:30",
        "end_date": "2020-01-11 14:45",
        "duration_bars": 2,
        "duration_days": 0.020833333333333332,
        "max_drawdown": "-0.11%",
        "start_equity": "$100,874.61",
        "min_equity": "$100,874.61",
        "recovery_equity": "$100,938.51"
      },
      {
        "start_date": "2020-01-12 12:15",
        "end_date": "2020-01-12 12:30",
        "duration_bars": 2,
        "duration_days": 0.020833333333333332,
        "max_drawdown": "-0.11%",
        "start_equity": "$101,213.38",
        "min_equity": "$101,213.38",
        "recovery_equity": "$101,277.27"
      },
      {
        "start_date": "2020-01-15 17:30",
        "end_date": "2020-01-15 17:45",
        "duration_bars": 2,
        "duration_days": 0.020833333333333332,
        "max_drawdown": "-0.11%",
        "start_equity": "$101,770.69",
        "min_equity": "$101,770.69",
        "recovery_equity": "$101,802.99"
      },
      {
        "start_date": "2020-01-16 05:45",
        "end_date": "2020-01-16 06:00",
        "duration_bars": 2,
        "duration_days": 0.020833333333333332,
        "max_drawdown": "-0.11%",
        "start_equity": "$102,111.80",
        "min_equity": "$102,111.80",
        "recovery_equity": "$102,172.49"
      },
      {
        "start_date": "2020-01-29 04:45",
        "end_date": "2020-01-29 05:00",
        "duration_bars": 2,
        "duration_days": 0.020833333333333332,
        "max_drawdown": "-0.11%",
        "start_equity": "$103,665.52",
        "min_equity": "$103,665.52",
        "recovery_equity": "$103,780.44"
      },
      {
        "start_date": "2020-01-02 10:15",
        "end_date": "2020-01-02 10:30",
        "duration_bars": 2,
        "duration_days": 0.020833333333333332,
        "max_drawdown": "-0.12%",
        "start_equity": "$100,010.55",
        "min_equity": "$100,010.55",
        "recovery_equity": "$100,077.05"
      },
      {
        "start_date": "2020-01-02 12:45",
        "end_date": "2020-01-02 13:15",
        "duration_bars": 3,
        "duration_days": 0.03125,
        "max_drawdown": "-0.12%",
        "start_equity": "$100,024.82",
        "min_equity": "$100,006.74",
        "recovery_equity": "$100,051.18"
      },
      {
        "start_date": "2020-01-02 14:00",
        "end_date": "2020-01-02 14:15",
        "duration_bars": 2,
        "duration_days": 0.020833333333333332,
        "max_drawdown": "-0.12%",
        "start_equity": "$100,004.34",
        "min_equity": "$100,004.34",
        "recovery_equity": "$100,030.85"
      },
      {
        "start_date": "2020-01-03 00:30",
        "end_date": "2020-01-03 00:45",
        "duration_bars": 2,
        "duration_days": 0.020833333333333332,
        "max_drawdown": "-0.12%",
        "start_equity": "$100,095.80",
        "min_equity": "$100,095.80",
        "recovery_equity": "$100,158.72"
      },
      {
        "start_date": "2020-01-03 11:15",
        "end_date": "2020-01-03 11:45",
        "duration_bars": 3,
        "duration_days": 0.03125,
        "max_drawdown": "-0.12%",
        "start_equity": "$100,191.59",
        "min_equity": "$100,191.59",
        "recovery_equity": "$100,253.35"
      },
      {
        "start_date": "2020-01-04 12:30",
        "end_date": "2020-01-04 12:45",
        "duration_bars": 2,
        "duration_days": 0.020833333333333332,
        "max_drawdown": "-0.12%",
        "start_equity": "$100,334.49",
        "min_equity": "$100,334.49",
        "recovery_equity": "$100,354.82"
      },
      {
        "start_date": "2020-01-04 20:30",
        "end_date": "2020-01-04 21:00",
        "duration_bars": 3,
        "duration_days": 0.03125,
        "max_drawdown": "-0.12%",
        "start_equity": "$100,329.69",
        "min_equity": "$100,329.69",
        "recovery_equity": "$100,382.76"
      },
      {
        "start_date": "2020-01-05 01:30",
        "end_date": "2020-01-05 01:45",
        "duration_bars": 2,
        "duration_days": 0.020833333333333332,
        "max_drawdown": "-0.12%",
        "start_equity": "$100,394.83",
        "min_equity": "$100,394.83",
        "recovery_equity": "$100,455.37"
      },
      {
        "start_date": "2020-01-05 07:45",
        "end_date": "2020-01-05 08:00",
        "duration_bars": 2,
        "duration_days": 0.020833333333333332,
        "max_drawdown": "-0.12%",
        "start_equity": "$100,392.46",
        "min_equity": "$100,392.46",
        "recovery_equity": "$100,445.69"
      },
      {
        "start_date": "2020-01-10 07:00",
        "end_date": "2020-01-10 07:15",
        "duration_bars": 2,
        "duration_days": 0.020833333333333332,
        "max_drawdown": "-0.12%",
        "start_equity": "$100,521.87",
        "min_equity": "$100,521.87",
        "recovery_equity": "$100,600.90"
      },
      {
        "start_date": "2020-01-12 11:15",
        "end_date": "2020-01-12 11:30",
        "duration_bars": 2,
        "duration_days": 0.020833333333333332,
        "max_drawdown": "-0.12%",
        "start_equity": "$101,165.54",
        "min_equity": "$101,165.54",
        "recovery_equity": "$101,229.83"
      },
      {
        "start_date": "2020-01-12 12:45",
        "end_date": "2020-01-12 13:15",
        "duration_bars": 3,
        "duration_days": 0.03125,
        "max_drawdown": "-0.12%",
        "start_equity": "$101,205.72",
        "min_equity": "$101,198.78",
        "recovery_equity": "$101,243.53"
      },
      {
        "start_date": "2020-01-12 17:30",
        "end_date": "2020-01-12 18:15",
        "duration_bars": 4,
        "duration_days": 0.041666666666666664,
        "max_drawdown": "-0.12%",
        "start_equity": "$101,408.39",
        "min_equity": "$101,407.54",
        "recovery_equity": "$101,445.49"
      },
      {
        "start_date": "2020-01-14 11:30",
        "end_date": "2020-01-14 12:00",
        "duration_bars": 3,
        "duration_days": 0.03125,
        "max_drawdown": "-0.12%",
        "start_equity": "$101,666.48",
        "min_equity": "$101,666.48",
        "recovery_equity": "$101,707.86"
      },
      {
        "start_date": "2020-01-15 22:30",
        "end_date": "2020-01-15 23:15",
        "duration_bars": 4,
        "duration_days": 0.041666666666666664,
        "max_drawdown": "-0.12%",
        "start_equity": "$101,834.80",
        "min_equity": "$101,834.80",
        "recovery_equity": "$101,943.35"
      },
      {
        "start_date": "2020-01-29 18:00",
        "end_date": "2020-01-29 18:15",
        "duration_bars": 2,
        "duration_days": 0.020833333333333332,
        "max_drawdown": "-0.12%",
        "start_equity": "$103,969.90",
        "min_equity": "$103,969.90",
        "recovery_equity": "$104,159.56"
      },
      {
        "start_date": "2020-01-03 18:45",
        "end_date": "2020-01-03 20:15",
        "duration_bars": 7,
        "duration_days": 0.07291666666666667,
        "max_drawdown": "-0.13%",
        "start_equity": "$100,193.99",
        "min_equity": "$100,175.85",
        "recovery_equity": "$100,212.61"
      },
      {
        "start_date": "2020-01-03 20:30",
        "end_date": "2020-01-03 20:45",
        "duration_bars": 2,
        "duration_days": 0.020833333333333332,
        "max_drawdown": "-0.13%",
        "start_equity": "$100,177.34",
        "min_equity": "$100,177.34",
        "recovery_equity": "$100,217.88"
      },
      {
        "start_date": "2020-01-04 03:15",
        "end_date": "2020-01-04 03:30",
        "duration_bars": 2,
        "duration_days": 0.020833333333333332,
        "max_drawdown": "-0.13%",
        "start_equity": "$100,182.37",
        "min_equity": "$100,182.37",
        "recovery_equity": "$100,269.89"
      },
      {
        "start_date": "2020-01-04 23:30",
        "end_date": "2020-01-05 00:45",
        "duration_bars": 6,
        "duration_days": 0.0625,
        "max_drawdown": "-0.13%",
        "start_equity": "$100,408.96",
        "min_equity": "$100,376.51",
        "recovery_equity": "$100,433.10"
      },
      {
        "start_date": "2020-01-05 11:45",
        "end_date": "2020-01-05 12:15",
        "duration_bars": 3,
        "duration_days": 0.03125,
        "max_drawdown": "-0.13%",
        "start_equity": "$100,507.72",
        "min_equity": "$100,507.72",
        "recovery_equity": "$100,552.13"
      },
      {
        "start_date": "2020-01-10 10:00",
        "end_date": "2020-01-10 10:15",
        "duration_bars": 2,
        "duration_days": 0.020833333333333332,
        "max_drawdown": "-0.13%",
        "start_equity": "$100,582.08",
        "min_equity": "$100,582.08",
        "recovery_equity": "$100,628.28"
      },
      {
        "start_date": "2020-01-11 12:15",
        "end_date": "2020-01-11 12:30",
        "duration_bars": 2,
        "duration_days": 0.020833333333333332,
        "max_drawdown": "-0.13%",
        "start_equity": "$100,823.69",
        "min_equity": "$100,823.69",
        "recovery_equity": "$100,889.25"
      },
      {
        "start_date": "2020-01-16 01:00",
        "end_date": "2020-01-16 01:15",
        "duration_bars": 2,
        "duration_days": 0.020833333333333332,
        "max_drawdown": "-0.13%",
        "start_equity": "$101,844.77",
        "min_equity": "$101,844.77",
        "recovery_equity": "$101,880.97"
      },
      {
        "start_date": "2020-01-29 13:30",
        "end_date": "2020-01-29 13:45",
        "duration_bars": 2,
        "duration_days": 0.020833333333333332,
        "max_drawdown": "-0.13%",
        "start_equity": "$103,956.95",
        "min_equity": "$103,956.95",
        "recovery_equity": "$104,025.54"
      },
      {
        "start_date": "2020-01-03 18:15",
        "end_date": "2020-01-03 18:30",
        "duration_bars": 2,
        "duration_days": 0.020833333333333332,
        "max_drawdown": "-0.14%",
        "start_equity": "$100,174.82",
        "min_equity": "$100,174.82",
        "recovery_equity": "$100,232.16"
      },
      {
        "start_date": "2020-01-03 21:00",
        "end_date": "2020-01-03 22:30",
        "duration_bars": 7,
        "duration_days": 0.07291666666666667,
        "max_drawdown": "-0.14%",
        "start_equity": "$100,171.44",
        "min_equity": "$100,171.44",
        "recovery_equity": "$100,225.58"
      },
      {
        "start_date": "2020-01-03 22:45",
        "end_date": "2020-01-03 23:45",
        "duration_bars": 5,
        "duration_days": 0.052083333333333336,
        "max_drawdown": "-0.14%",
        "start_equity": "$100,205.04",
        "min_equity": "$100,174.90",
        "recovery_equity": "$100,244.67"
      },
      {
        "start_date": "2020-01-05 07:00",
        "end_date": "2020-01-05 07:30",
        "duration_bars": 3,
        "duration_days": 0.03125,
        "max_drawdown": "-0.14%",
        "start_equity": "$100,368.44",
        "min_equity": "$100,368.44",
        "recovery_equity": "$100,418.05"
      },
      {
        "start_date": "2020-01-10 14:45",
        "end_date": "2020-01-10 15:30",
        "duration_bars": 4,
        "duration_days": 0.041666666666666664,
        "max_drawdown": "-0.14%",
        "start_equity": "$100,662.78",
        "min_equity": "$100,637.53",
        "recovery_equity": "$100,694.24"
      },
      {
        "start_date": "2020-01-12 22:30",
        "end_date": "2020-01-12 22:45",
        "duration_bars": 2,
        "duration_days": 0.020833333333333332,
        "max_drawdown": "-0.14%",
        "start_equity": "$101,443.28",
        "min_equity": "$101,443.28",
        "recovery_equity": "$101,519.82"
      },
      {
        "start_date": "2020-01-16 08:00",
        "end_date": "2020-01-16 09:00",
        "duration_bars": 5,
        "duration_days": 0.052083333333333336,
        "max_drawdown": "-0.14%",
        "start_equity": "$102,111.74",
        "min_equity": "$102,110.15",
        "recovery_equity": "$102,175.94"
      },
      {
        "start_date": "2020-01-17 04:30",
        "end_date": "2020-01-17 05:00",
        "duration_bars": 3,
        "duration_days": 0.03125,
        "max_drawdown": "-0.14%",
        "start_equity": "$102,530.09",
        "min_equity": "$102,510.97",
        "recovery_equity": "$102,569.38"
      },
      {
        "start_date": "2020-01-18 22:15",
        "end_date": "2020-01-18 22:30",
        "duration_bars": 2,
        "duration_days": 0.020833333333333332,
        "max_drawdown": "-0.14%",
        "start_equity": "$103,020.74",
        "min_equity": "$103,020.74",
        "recovery_equity": "$103,075.84"
      },
      {
        "start_date": "2020-01-10 08:15",
        "end_date": "2020-01-10 08:45",
        "duration_bars": 3,
        "duration_days": 0.03125,
        "max_drawdown": "-0.15%",
        "start_equity": "$100,596.94",
        "min_equity": "$100,563.17",
        "recovery_equity": "$100,660.99"
      },
      {
        "start_date": "2020-01-13 19:30",
        "end_date": "2020-01-13 20:15",
        "duration_bars": 4,
        "duration_days": 0.041666666666666664,
        "max_drawdown": "-0.15%",
        "start_equity": "$101,599.64",
        "min_equity": "$101,552.27",
        "recovery_equity": "$101,645.65"
      },
      {
        "start_date": "2020-01-14 13:45",
        "end_date": "2020-01-14 15:00",
        "duration_bars": 6,
        "duration_days": 0.0625,
        "max_drawdown": "-0.15%",
        "start_equity": "$101,630.98",
        "min_equity": "$101,630.98",
        "recovery_equity": "$101,697.50"
      },
      {
        "start_date": "2020-01-16 15:30",
        "end_date": "2020-01-16 15:45",
        "duration_bars": 2,
        "duration_days": 0.020833333333333332,
        "max_drawdown": "-0.15%",
        "start_equity": "$102,322.03",
        "min_equity": "$102,322.03",
        "recovery_equity": "$102,390.24"
      },
      {
        "start_date": "2020-01-19 03:15",
        "end_date": "2020-01-19 03:45",
        "duration_bars": 3,
        "duration_days": 0.03125,
        "max_drawdown": "-0.15%",
        "start_equity": "$103,182.33",
        "min_equity": "$103,135.94",
        "recovery_equity": "$103,204.70"
      },
      {
        "start_date": "2020-01-10 10:30",
        "end_date": "2020-01-10 11:00",
        "duration_bars": 3,
        "duration_days": 0.03125,
        "max_drawdown": "-0.16%",
        "start_equity": "$100,552.95",
        "min_equity": "$100,552.95",
        "recovery_equity": "$100,614.73"
      },
      {
        "start_date": "2020-01-10 16:00",
        "end_date": "2020-01-10 16:30",
        "duration_bars": 3,
        "duration_days": 0.03125,
        "max_drawdown": "-0.16%",
        "start_equity": "$100,623.10",
        "min_equity": "$100,623.10",
        "recovery_equity": "$100,718.53"
      },
      {
        "start_date": "2020-01-29 11:00",
        "end_date": "2020-01-29 11:15",
        "duration_bars": 2,
        "duration_days": 0.020833333333333332,
        "max_drawdown": "-0.16%",
        "start_equity": "$103,710.50",
        "min_equity": "$103,710.50",
        "recovery_equity": "$103,798.09"
      },
      {
        "start_date": "2020-01-04 00:30",
        "end_date": "2020-01-04 02:30",
        "duration_bars": 9,
        "duration_days": 0.09375,
        "max_drawdown": "-0.17%",
        "start_equity": "$100,206.16",
        "min_equity": "$100,141.76",
        "recovery_equity": "$100,234.33"
      },
      {
        "start_date": "2020-01-10 14:00",
        "end_date": "2020-01-10 14:30",
        "duration_bars": 3,
        "duration_days": 0.03125,
        "max_drawdown": "-0.17%",
        "start_equity": "$100,663.02",
        "min_equity": "$100,599.37",
        "recovery_equity": "$100,780.06"
      },
      {
        "start_date": "2020-01-16 01:30",
        "end_date": "2020-01-16 01:45",
        "duration_bars": 2,
        "duration_days": 0.020833333333333332,
        "max_drawdown": "-0.17%",
        "start_equity": "$101,803.00",
        "min_equity": "$101,803.00",
        "recovery_equity": "$101,911.34"
      },
      {
        "start_date": "2020-01-16 23:30",
        "end_date": "2020-01-16 23:45",
        "duration_bars": 2,
        "duration_days": 0.020833333333333332,
        "max_drawdown": "-0.17%",
        "start_equity": "$102,325.21",
        "min_equity": "$102,325.21",
        "recovery_equity": "$102,450.79"
      },
      {
        "start_date": "2020-01-19 06:15",
        "end_date": "2020-01-19 06:45",
        "duration_bars": 3,
        "duration_days": 0.03125,
        "max_drawdown": "-0.17%",
        "start_equity": "$103,203.20",
        "min_equity": "$103,182.08",
        "recovery_equity": "$103,322.03"
      },
      {
        "start_date": "2020-01-13 02:30",
        "end_date": "2020-01-13 02:45",
        "duration_bars": 2,
        "duration_days": 0.020833333333333332,
        "max_drawdown": "-0.18%",
        "start_equity": "$101,396.01",
        "min_equity": "$101,396.01",
        "recovery_equity": "$101,491.32"
      },
      {
        "start_date": "2020-01-14 09:30",
        "end_date": "2020-01-14 11:15",
        "duration_bars": 8,
        "duration_days": 0.08333333333333333,
        "max_drawdown": "-0.18%",
        "start_equity": "$101,636.45",
        "min_equity": "$101,599.91",
        "recovery_equity": "$101,735.20"
      },
      {
        "start_date": "2020-01-16 11:30",
        "end_date": "2020-01-16 12:45",
        "duration_bars": 6,
        "duration_days": 0.0625,
        "max_drawdown": "-0.18%",
        "start_equity": "$102,244.66",
        "min_equity": "$102,182.86",
        "recovery_equity": "$102,353.81"
      },
      {
        "start_date": "2020-01-16 22:45",
        "end_date": "2020-01-16 23:15",
        "duration_bars": 3,
        "duration_days": 0.03125,
        "max_drawdown": "-0.18%",
        "start_equity": "$102,370.97",
        "min_equity": "$102,314.54",
        "recovery_equity": "$102,432.84"
      },
      {
        "start_date": "2020-01-17 05:15",
        "end_date": "2020-01-17 05:30",
        "duration_bars": 2,
        "duration_days": 0.020833333333333332,
        "max_drawdown": "-0.18%",
        "start_equity": "$102,468.75",
        "min_equity": "$102,468.75",
        "recovery_equity": "$102,643.69"
      },
      {
        "start_date": "2020-01-10 09:00",
        "end_date": "2020-01-10 09:45",
        "duration_bars": 4,
        "duration_days": 0.041666666666666664,
        "max_drawdown": "-0.19%",
        "start_equity": "$100,592.15",
        "min_equity": "$100,519.26",
        "recovery_equity": "$100,691.88"
      },
      {
        "start_date": "2020-01-11 18:30",
        "end_date": "2020-01-11 20:00",
        "duration_bars": 7,
        "duration_days": 0.07291666666666667,
        "max_drawdown": "-0.19%",
        "start_equity": "$100,895.10",
        "min_equity": "$100,895.10",
        "recovery_equity": "$100,999.32"
      },
      {
        "start_date": "2020-01-18 07:30",
        "end_date": "2020-01-18 08:00",
        "duration_bars": 3,
        "duration_days": 0.03125,
        "max_drawdown": "-0.19%",
        "start_equity": "$102,719.41",
        "min_equity": "$102,653.16",
        "recovery_equity": "$102,771.66"
      },
      {
        "start_date": "2020-01-04 13:15",
        "end_date": "2020-01-04 19:15",
        "duration_bars": 25,
        "duration_days": 0.2604166666666667,
        "max_drawdown": "-0.20%",
        "start_equity": "$100,338.71",
        "min_equity": "$100,248.06",
        "recovery_equity": "$100,356.31"
      },
      {
        "start_date": "2020-01-11 18:00",
        "end_date": "2020-01-11 18:15",
        "duration_bars": 2,
        "duration_days": 0.020833333333333332,
        "max_drawdown": "-0.20%",
        "start_equity": "$100,880.77",
        "min_equity": "$100,880.77",
        "recovery_equity": "$101,040.24"
      },
      {
        "start_date": "2020-01-12 02:15",
        "end_date": "2020-01-12 06:45",
        "duration_bars": 19,
        "duration_days": 0.19791666666666666,
        "max_drawdown": "-0.21%",
        "start_equity": "$101,077.52",
        "min_equity": "$101,032.93",
        "recovery_equity": "$101,152.22"
      },
      {
        "start_date": "2020-01-12 23:00",
        "end_date": "2020-01-12 23:15",
        "duration_bars": 2,
        "duration_days": 0.020833333333333332,
        "max_drawdown": "-0.22%",
        "start_equity": "$101,361.50",
        "min_equity": "$101,361.50",
        "recovery_equity": "$101,539.72"
      },
      {
        "start_date": "2020-01-16 09:30",
        "end_date": "2020-01-16 10:00",
        "duration_bars": 3,
        "duration_days": 0.03125,
        "max_drawdown": "-0.22%",
        "start_equity": "$102,085.40",
        "min_equity": "$102,028.28",
        "recovery_equity": "$102,190.36"
      },
      {
        "start_date": "2020-01-16 22:00",
        "end_date": "2020-01-16 22:30",
        "duration_bars": 3,
        "duration_days": 0.03125,
        "max_drawdown": "-0.22%",
        "start_equity": "$102,319.06",
        "min_equity": "$102,268.93",
        "recovery_equity": "$102,415.96"
      },
      {
        "start_date": "2020-01-17 00:00",
        "end_date": "2020-01-17 01:15",
        "duration_bars": 6,
        "duration_days": 0.0625,
        "max_drawdown": "-0.22%",
        "start_equity": "$102,284.92",
        "min_equity": "$102,273.23",
        "recovery_equity": "$102,519.44"
      },
      {
        "start_date": "2020-01-18 02:45",
        "end_date": "2020-01-18 04:15",
        "duration_bars": 7,
        "duration_days": 0.07291666666666667,
        "max_drawdown": "-0.22%",
        "start_equity": "$102,489.02",
        "min_equity": "$102,428.15",
        "recovery_equity": "$102,630.84"
      },
      {
        "start_date": "2020-01-18 09:45",
        "end_date": "2020-01-18 11:00",
        "duration_bars": 6,
        "duration_days": 0.0625,
        "max_drawdown": "-0.23%",
        "start_equity": "$102,687.08",
        "min_equity": "$102,613.45",
        "recovery_equity": "$102,768.17"
      },
      {
        "start_date": "2020-01-29 18:45",
        "end_date": "2020-01-29 19:00",
        "duration_bars": 2,
        "duration_days": 0.020833333333333332,
        "max_drawdown": "-0.23%",
        "start_equity": "$103,947.06",
        "min_equity": "$103,947.06",
        "recovery_equity": "$104,244.29"
      },
      {
        "start_date": "2020-01-29 21:00",
        "end_date": "2020-01-29 23:00",
        "duration_bars": 9,
        "duration_days": 0.09375,
        "max_drawdown": "-0.23%",
        "start_equity": "$104,243.27",
        "min_equity": "$104,134.23",
        "recovery_equity": "$104,454.24"
      },
      {
        "start_date": "2020-01-15 19:45",
        "end_date": "2020-01-15 22:00",
        "duration_bars": 10,
        "duration_days": 0.10416666666666667,
        "max_drawdown": "-0.24%",
        "start_equity": "$101,845.48",
        "min_equity": "$101,721.75",
        "recovery_equity": "$101,859.98"
      },
      {
        "start_date": "2020-01-29 12:15",
        "end_date": "2020-01-29 12:30",
        "duration_bars": 2,
        "duration_days": 0.020833333333333332,
        "max_drawdown": "-0.24%",
        "start_equity": "$103,633.94",
        "min_equity": "$103,633.94",
        "recovery_equity": "$103,944.23"
      },
      {
        "start_date": "2020-01-18 19:45",
        "end_date": "2020-01-18 22:00",
        "duration_bars": 10,
        "duration_days": 0.10416666666666667,
        "max_drawdown": "-0.26%",
        "start_equity": "$103,037.48",
        "min_equity": "$102,894.09",
        "recovery_equity": "$103,065.59"
      },
      {
        "start_date": "2020-01-16 16:00",
        "end_date": "2020-01-16 17:15",
        "duration_bars": 6,
        "duration_days": 0.0625,
        "max_drawdown": "-0.27%",
        "start_equity": "$102,347.84",
        "min_equity": "$102,204.28",
        "recovery_equity": "$102,394.13"
      },
      {
        "start_date": "2020-01-11 03:45",
        "end_date": "2020-01-11 12:00",
        "duration_bars": 34,
        "duration_days": 0.3541666666666667,
        "max_drawdown": "-0.28%",
        "start_equity": "$100,824.81",
        "min_equity": "$100,666.11",
        "recovery_equity": "$100,873.51"
      },
      {
        "start_date": "2020-01-16 20:15",
        "end_date": "2020-01-16 21:00",
        "duration_bars": 4,
        "duration_days": 0.041666666666666664,
        "max_drawdown": "-0.28%",
        "start_equity": "$102,332.33",
        "min_equity": "$102,188.73",
        "recovery_equity": "$102,400.87"
      },
      {
        "start_date": "2020-01-10 17:15",
        "end_date": "2020-01-10 23:15",
        "duration_bars": 25,
        "duration_days": 0.2604166666666667,
        "max_drawdown": "-0.29%",
        "start_equity": "$100,592.33",
        "min_equity": "$100,592.33",
        "recovery_equity": "$100,783.53"
      },
      {
        "start_date": "2020-01-19 01:15",
        "end_date": "2020-01-19 02:45",
        "duration_bars": 7,
        "duration_days": 0.07291666666666667,
        "max_drawdown": "-0.29%",
        "start_equity": "$103,131.20",
        "min_equity": "$102,991.90",
        "recovery_equity": "$103,235.76"
      },
      {
        "start_date": "2020-01-29 17:15",
        "end_date": "2020-01-29 17:45",
        "duration_bars": 3,
        "duration_days": 0.03125,
        "max_drawdown": "-0.29%",
        "start_equity": "$103,793.09",
        "min_equity": "$103,793.09",
        "recovery_equity": "$104,076.64"
      },
      {
        "start_date": "2020-01-14 16:45",
        "end_date": "2020-01-15 00:00",
        "duration_bars": 30,
        "duration_days": 0.3125,
        "max_drawdown": "-0.30%",
        "start_equity": "$101,770.58",
        "min_equity": "$101,574.29",
        "recovery_equity": "$101,806.59"
      },
      {
        "start_date": "2020-01-13 06:00",
        "end_date": "2020-01-13 07:30",
        "duration_bars": 7,
        "duration_days": 0.07291666666666667,
        "max_drawdown": "-0.31%",
        "start_equity": "$101,480.52",
        "min_equity": "$101,385.39",
        "recovery_equity": "$101,604.72"
      },
      {
        "start_date": "2020-01-12 23:30",
        "end_date": "2020-01-13 01:30",
        "duration_bars": 9,
        "duration_days": 0.09375,
        "max_drawdown": "-0.32%",
        "start_equity": "$101,430.63",
        "min_equity": "$101,262.57",
        "recovery_equity": "$101,519.99"
      },
      {
        "start_date": "2020-01-18 15:15",
        "end_date": "2020-01-18 18:45",
        "duration_bars": 15,
        "duration_days": 0.15625,
        "max_drawdown": "-0.32%",
        "start_equity": "$102,934.70",
        "min_equity": "$102,837.50",
        "recovery_equity": "$103,102.18"
      },
      {
        "start_date": "2020-01-13 23:00",
        "end_date": "2020-01-14 07:00",
        "duration_bars": 33,
        "duration_days": 0.34375,
        "max_drawdown": "-0.35%",
        "start_equity": "$101,654.28",
        "min_equity": "$101,407.42",
        "recovery_equity": "$101,728.38"
      },
      {
        "start_date": "2020-01-13 07:45",
        "end_date": "2020-01-13 19:15",
        "duration_bars": 47,
        "duration_days": 0.4895833333333333,
        "max_drawdown": "-0.39%",
        "start_equity": "$101,549.34",
        "min_equity": "$101,303.10",
        "recovery_equity": "$101,628.07"
      },
      {
        "start_date": "2020-01-16 17:45",
        "end_date": "2020-01-16 20:00",
        "duration_bars": 10,
        "duration_days": 0.10416666666666667,
        "max_drawdown": "-0.40%",
        "start_equity": "$102,283.65",
        "min_equity": "$102,067.10",
        "recovery_equity": "$102,439.41"
      },
      {
        "start_date": "2020-01-29 14:00",
        "end_date": "2020-01-29 17:00",
        "duration_bars": 13,
        "duration_days": 0.13541666666666666,
        "max_drawdown": "-0.42%",
        "start_equity": "$103,923.84",
        "min_equity": "$103,657.85",
        "recovery_equity": "$104,073.30"
      },
      {
        "start_date": "2020-01-15 00:15",
        "end_date": "2020-01-15 17:15",
        "duration_bars": 69,
        "duration_days": 0.71875,
        "max_drawdown": "-0.62%",
        "start_equity": "$101,750.07",
        "min_equity": "$101,243.60",
        "recovery_equity": "$101,792.37"
      },
      {
        "start_date": "2020-01-29 06:15",
        "end_date": "2020-01-29 10:45",
        "duration_bars": 19,
        "duration_days": 0.19791666666666666,
        "max_drawdown": "-0.63%",
        "start_equity": "$103,677.95",
        "min_equity": "$103,227.06",
        "recovery_equity": "$103,871.63"
      },
      {
        "start_date": "2020-01-17 06:15",
        "end_date": "2020-01-18 02:30",
        "duration_bars": 82,
        "duration_days": 0.8541666666666666,
        "max_drawdown": "-0.66%",
        "start_equity": "$102,506.72",
        "min_equity": "$101,971.05",
        "recovery_equity": "$102,579.84"
      },
      {
        "start_date": "2020-01-05 13:30",
        "end_date": "2020-01-10 06:30",
        "duration_bars": 453,
        "duration_days": 4.71875,
        "max_drawdown": "-0.73%",
        "start_equity": "$100,534.42",
        "min_equity": "$99,906.42",
        "recovery_equity": "$100,541.69"
      },
      {
        "start_date": "2020-01-19 11:45",
        "end_date": "2020-01-29 03:30",
        "duration_bars": 928,
        "duration_days": 9.666666666666666,
        "max_drawdown": "-1.39%",
        "start_equity": "$103,537.40",
        "min_equity": "$102,337.98",
        "recovery_equity": "$103,703.49"
      },
      {
        "start_date": "2020-01-29 23:15",
        "end_date": "2020-02-08 21:45",
        "duration_bars": 955,
        "duration_days": 9.947916666666666,
        "max_drawdown": "-2.65%",
        "start_equity": "$104,316.90",
        "min_equity": "$101,684.50",
        "recovery_equity": "$104,391.02"
      }
    ]
  },
  "SENSITIVITY_FEES": {
    "title": "Анализ чувствительности к комиссиям",
    "results_table": [
      {
        "fee_multiplier": 0.5,
        "total_return": -0.15697920916504524,
        "sharpe_ratio": -0.0049921143023312405,
        "max_drawdown": -5238.065644313524,
        "num_trades": 0,
        "profit_factor": 0,
        "commission_pct": "0.0500%",
        "total_costs": 1.6000000000000005
      },
      {
        "fee_multiplier": 1.0,
        "total_return": -0.15697920916504524,
        "sharpe_ratio": -0.0049921143023312405,
        "max_drawdown": -5238.065644313524,
        "num_trades": 0,
        "profit_factor": 0,
        "commission_pct": "0.1000%",
        "total_costs": 3.200000000000001
      },
      {
        "fee_multiplier": 1.5,
        "total_return": -0.15697920916504524,
        "sharpe_ratio": -0.0049921143023312405,
        "max_drawdown": -5238.065644313524,
        "num_trades": 0,
        "profit_factor": 0,
        "commission_pct": "0.1500%",
        "total_costs": 4.800000000000001
      },
      {
        "fee_multiplier": 2.0,
        "total_return": -0.15697920916504524,
        "sharpe_ratio": -0.0049921143023312405,
        "max_drawdown": -5238.065644313524,
        "num_trades": 0,
        "profit_factor": 0,
        "commission_pct": "0.2000%",
        "total_costs": 6.400000000000002
      },
      {
        "fee_multiplier": 3.0,
        "total_return": -0.15697920916504524,
        "sharpe_ratio": -0.0049921143023312405,
        "max_drawdown": -5238.065644313524,
        "num_trades": 0,
        "profit_factor": 0,
        "commission_pct": "0.3000%",
        "total_costs": 9.600000000000001
      },
      {
        "fee_multiplier": 5.0,
        "total_return": -0.15697920916504524,
        "sharpe_ratio": -0.0049921143023312405,
        "max_drawdown": -5238.065644313524,
        "num_trades": 0,
        "profit_factor": 0,
        "commission_pct": "0.5000%",
        "total_costs": 16.000000000000004
      }
    ],
    "analysis": {
      "Базовый Sharpe": "-0.005",
      "Базовая доходность": "-15.70%",
      "Эластичность Sharpe": "-0.00",
      "Эластичность доходности": "-0.00",
      "Критический множитель": "0.5x"
    },
    "interpretation": {
      "Низкая чувствительность": "Эластичность < 0.5 - стратегия устойчива к издержкам",
      "Средняя чувствительность": "Эластичность 0.5-2.0 - умеренное влияние издержек",
      "Высокая чувствительность": "Эластичность > 2.0 - стратегия очень чувствительна к издержкам",
      "Критический уровень": "Множитель при котором стратегия становится убыточной"
    }
  }
}