entry_bar,exit_bar,bars_held,entry_z,exit_z,pnl,pair
96,97,1,3.9982638008991978,3.556758623840565,53.68319599999884,BTCUSDT/ETHUSDT
98,99,1,3.535069357533076,3.906169221498172,-329.4758739999997,BTCUSDT/ETHUSDT
100,101,1,3.2269830567120446,3.160517771748263,-75.64359599999884,BTCUSDT/ETHUSDT
102,174,72,2.7999773995490496,-0.036849756322509496,-169.9834779999936,BTCUSDT/ETHUSDT
190,198,8,-1.1824612927365572,-0.04556134975918008,388.16005200000785,BTCUSDT/ETHUSDT
236,237,1,-2.301130538251921,-4.200695650580411,-369.76322599999304,BTCUSDT/ETHUSDT
238,239,1,-3.193771279178709,-6.581069004448911,-760.887932000002,BTCUSDT/ETHUSDT
240,241,1,-11.899461048964325,-6.613444636308635,359.7313159999974,BTCUSDT/ETHUSDT
242,243,1,-5.718299223837268,-3.8773512130798307,564.502064000004,BTCUSDT/ETHUSDT
244,245,1,-3.9486542016480466,-3.736235236223455,-68.25691600000465,BTCUSDT/ETHUSDT
246,247,1,-3.3652382651335593,-3.154306908118069,1.8366879999965138,BTCUSDT/ETHUSDT
248,249,1,-3.2667709700942935,-3.3209406791142255,-191.484706000009,BTCUSDT/ETHUSDT
250,325,75,-2.8286731883558067,-0.05681472479378461,624.4339920000049,BTCUSDT/ETHUSDT
335,348,13,1.1931436868207272,3.3783749919960346,-604.2703520000006,BTCUSDT/ETHUSDT
349,350,1,4.49136620726232,4.0312413841810715,20.9622,BTCUSDT/ETHUSDT
351,356,5,3.4549570517943904,3.01153230197923,-90.6365600000029,BTCUSDT/ETHUSDT
357,394,37,2.690877313331504,0.03495854126345434,457.00590600000174,BTCUSDT/ETHUSDT
442,469,27,-1.048905852660521,-0.00988759059277164,159.52234199999768,BTCUSDT/ETHUSDT
476,563,87,1.8429868297408591,-0.005699991596270736,344.9679379999965,BTCUSDT/ETHUSDT
575,629,54,1.143169326109774,4.08142882923361,-397.6629159999974,BTCUSDT/ETHUSDT
630,631,1,3.702308892808045,3.8429264787146704,-38.62035800000233,BTCUSDT/ETHUSDT
632,633,1,3.3948177700461213,3.068170119177456,15.042874000006972,BTCUSDT/ETHUSDT
634,635,1,3.2176659682705475,3.035471295828983,-0.3992799999941897,BTCUSDT/ETHUSDT
636,670,34,2.817334130243693,-3.2579540351363225,729.5444520000005,BTCUSDT/ETHUSDT
672,683,11,-1.5554093280278138,-3.603884032073991,-437.04190600000175,BTCUSDT/ETHUSDT
684,685,1,-3.2074132680041587,-3.562709076089575,-103.15398799999652,BTCUSDT/ETHUSDT
686,703,17,-2.3698204903670503,0.03429831168913131,445.49665999999564,BTCUSDT/ETHUSDT
718,720,2,1.1815549191415602,4.426698681282236,-852.692385999996,BTCUSDT/ETHUSDT
721,722,1,1.8148143241554195,3.061364823236962,-369.76322600000026,BTCUSDT/ETHUSDT
723,724,1,3.594908957997347,3.2535043062501057,29.40697199999913,BTCUSDT/ETHUSDT
725,744,19,3.1244336173702525,3.1187354943117422,-750.5365979999995,BTCUSDT/ETHUSDT
745,746,1,3.123192897968381,4.490538006106229,-892.2809980000067,BTCUSDT/ETHUSDT
747,748,1,4.122138267833197,3.96916428051643,-142.46310400000115,BTCUSDT/ETHUSDT
749,750,1,3.0375072675855215,3.043602158133649,-133.7088899999971,BTCUSDT/ETHUSDT
751,838,87,3.083323020297369,0.026061186975358728,200.9775879999965,BTCUSDT/ETHUSDT
847,852,5,1.0302729720312933,7.728586226059155,-1043.5082979999993,BTCUSDT/ETHUSDT
853,854,1,-4.274101817986572,-3.7409145467670246,29.955982000009296,BTCUSDT/ETHUSDT
855,856,1,-5.784974418026962,-4.551204753446534,107.56603200000202,BTCUSDT/ETHUSDT
857,956,99,-3.247407601569636,3.668072439610326,1406.0245919999977,BTCUSDT/ETHUSDT
957,983,26,1.9490040879523394,0.025594747339320267,756.5357800000014,BTCUSDT/ETHUSDT
1002,1018,16,1.2197154882074752,3.947260828381239,-1796.1011879999965,BTCUSDT/ETHUSDT
1019,1034,15,3.6606018436547094,0.02091710603803359,1924.3499239999996,BTCUSDT/ETHUSDT
1061,1117,56,-1.1129861862102344,-3.4991754902342183,-1107.3431879999964,BTCUSDT/ETHUSDT
1118,1119,1,-4.634234708896317,-4.54249945188902,-84.79709000000436,BTCUSDT/ETHUSDT
1120,1121,1,-4.3738694290199565,-4.5471437515548825,-257.9548439999983,BTCUSDT/ETHUSDT
1122,1123,1,-5.212054567500966,-4.383460402191436,95.0685679999907,BTCUSDT/ETHUSDT
1124,1125,1,-3.9997291538399256,-3.8167667408339176,-95.95696599999738,BTCUSDT/ETHUSDT
1126,1145,19,-3.381238081002058,-3.0499646397915448,-1537.6073160000046,BTCUSDT/ETHUSDT
1146,1213,67,-2.5456916950107673,0.03981482988526261,718.8936580000023,BTCUSDT/ETHUSDT
1251,1274,23,-1.0995029821637103,0.04359985965623369,179.06709799999942,BTCUSDT/ETHUSDT
1276,1295,19,1.297338235851277,0.005639364367216986,205.1800100000029,BTCUSDT/ETHUSDT
1304,1305,1,1.1862492690286501,0.05992239718836106,127.65979799999941,BTCUSDT/ETHUSDT
1315,1324,9,1.0348371536496934,-0.04485164886177816,100.75830800000232,BTCUSDT/ETHUSDT
1327,1333,6,-1.370834334442569,-4.688717081931343,-409.57144199999766,BTCUSDT/ETHUSDT
1334,1337,3,-3.8329208797027983,-3.305909681505906,11.4793,BTCUSDT/ETHUSDT
1338,1339,1,-3.1832170803030513,-3.2208238577878787,-34.49779199999767,BTCUSDT/ETHUSDT
1340,1341,1,-4.3309988472736825,-3.905116417165249,3.6334480000066818,BTCUSDT/ETHUSDT
1342,1343,1,-4.220160166541652,-4.6526292128704245,-169.14498999999708,BTCUSDT/ETHUSDT
1344,1365,21,-2.855556301820034,0.02237801955555351,607.0952580000023,BTCUSDT/ETHUSDT
1403,1418,15,-1.636722331294558,3.5077720360657394,1087.1396199999986,BTCUSDT/ETHUSDT
1419,1465,46,1.9647185570512304,0.014883690103763064,299.5897659999974,BTCUSDT/ETHUSDT
1474,1498,24,1.2225236127347505,-3.197489571861499,790.8039859999959,BTCUSDT/ETHUSDT
1502,1514,12,1.5437431763971132,0.03635969145594102,230.56423599999593,BTCUSDT/ETHUSDT
1516,1544,28,1.1599728538683662,0.04320430453268764,91.18557000000581,BTCUSDT/ETHUSDT
1553,1627,74,-1.0022750857542344,-0.04694589245373354,-61.98821999999855,BTCUSDT/ETHUSDT
1638,1695,57,-1.0302941457416452,-0.05952621236633589,91.5449220000064,BTCUSDT/ETHUSDT
1696,1698,2,-1.0388908011290974,-3.433195837573309,-326.58109399999825,BTCUSDT/ETHUSDT
1699,1700,1,-4.558297937392654,-5.651875485602771,-225.68303799999651,BTCUSDT/ETHUSDT
1701,1702,1,-2.77173917823195,-3.9215131155771403,-225.33366799999797,BTCUSDT/ETHUSDT
1703,1704,1,-3.8928177159581647,-5.0409486246272035,-290.9852820000093,BTCUSDT/ETHUSDT
1705,1706,1,-4.630586035627382,-3.859174281846501,77.32057199999913,BTCUSDT/ETHUSDT
1707,1708,1,-3.708819855401684,-4.147952288387155,-206.6972739999997,BTCUSDT/ETHUSDT
1709,1710,1,-3.053022865329284,-3.3610020401635228,-156.48781400000405,BTCUSDT/ETHUSDT
1711,1712,1,-4.091324213932212,-3.4480827095682334,108.87367399999971,BTCUSDT/ETHUSDT
1713,1714,1,-3.8867790614881166,-3.324261466016435,108.06513199999476,BTCUSDT/ETHUSDT
1715,1716,1,-3.4497408778739516,-3.007101109790702,102.02602199999913,BTCUSDT/ETHUSDT
1717,1794,77,-2.71198649850014,-3.4370382819520193,-605.2485880000038,BTCUSDT/ETHUSDT
1795,1808,13,-3.2653367346385704,3.7035297304944024,1681.9370540000011,BTCUSDT/ETHUSDT
1809,1891,82,2.509636514995662,0.04265642215859241,307.1760859999959,BTCUSDT/ETHUSDT
1904,1906,2,1.0390466745033027,3.1322144639704215,-85.22631599999738,BTCUSDT/ETHUSDT
1907,1908,1,3.0116139270688356,4.511471360860636,-86.54394000000435,BTCUSDT/ETHUSDT
1909,1910,1,3.58109553547931,3.087972660468415,14.823269999998548,BTCUSDT/ETHUSDT
1911,1951,40,2.0206723501705124,-0.03461563516455265,101.64670599999448,BTCUSDT/ETHUSDT
1959,1993,34,1.25968437395957,-0.009362460431364454,37.55228399999535,BTCUSDT/ETHUSDT
2007,2021,14,1.4113039558483425,-5.302234295688795,450.0584339999953,BTCUSDT/ETHUSDT
2022,2023,1,-3.4511477828624693,-3.5231717795719626,-24.13647600000029,BTCUSDT/ETHUSDT
2024,2027,3,-3.988044396868472,-3.149980295186263,18.885943999998258,BTCUSDT/ETHUSDT
2028,2029,1,-3.5489010003937946,-3.9887089387425876,-75.82327199999912,BTCUSDT/ETHUSDT
2030,2031,1,-3.9812515376869952,-3.230893399529893,54.052529999994185,BTCUSDT/ETHUSDT
2032,2033,1,-3.6245307792307897,-4.059831739430901,-100.04958600001045,BTCUSDT/ETHUSDT
2034,2035,1,-3.466994889666791,-4.7560955059240255,-251.05728199999476,BTCUSDT/ETHUSDT
2036,2057,21,-3.986671925595739,-3.3802186028025227,-391.8933200000058,BTCUSDT/ETHUSDT
2058,2094,36,-2.7028510435881947,-3.6052616868118528,-924.6925520000005,BTCUSDT/ETHUSDT
2095,2184,89,-2.7355039938984165,0.015335369563103609,-180.6941639999968,BTCUSDT/ETHUSDT
2205,2284,79,1.0142269606247707,-0.03234400143203047,-35.895271999999125,BTCUSDT/ETHUSDT
2291,2296,5,-1.2441065747040507,-0.05408339903789068,320.6917139999968,BTCUSDT/ETHUSDT
2301,2315,14,1.1235375782368935,0.024762736130742813,154.4914139999968,BTCUSDT/ETHUSDT
2335,2376,41,1.0017148927877428,0.011672055396431609,170.95173199999476,BTCUSDT/ETHUSDT
2386,2396,10,-1.519316557768137,-0.004791247916769953,208.4441239999997,BTCUSDT/ETHUSDT
2409,2442,33,1.8964250146585635,4.665192618504796,-469.8527399999971,BTCUSDT/ETHUSDT
2443,2444,1,4.477921662351552,4.7772849263069705,-120.65243400000261,BTCUSDT/ETHUSDT
2445,2446,1,5.145840896153886,5.830689498955289,-260.4902719999991,BTCUSDT/ETHUSDT
2447,2448,1,5.136050137182562,4.689899855463061,-46.12682199999913,BTCUSDT/ETHUSDT
2449,2450,1,4.625182222222804,3.4197803220017784,235.88464200000493,BTCUSDT/ETHUSDT
2451,2459,8,2.994503280440777,3.0389236488603206,-431.5518060000017,BTCUSDT/ETHUSDT
2460,2541,81,2.691043096228464,0.0036793450886297447,-218.01686200000347,BTCUSDT/ETHUSDT
2574,2581,7,1.0250430420799697,3.0520587966642356,-181.32303000000144,BTCUSDT/ETHUSDT
2582,2583,1,3.4551655353552473,3.2277565768883485,5.9892,BTCUSDT/ETHUSDT
2584,2585,1,2.775703617041763,3.354873924620018,-78.62821400000406,BTCUSDT/ETHUSDT
2586,2610,24,2.7052164134042633,3.39278182815432,-372.4084560000017,BTCUSDT/ETHUSDT
2611,2612,1,4.1103644916099045,3.7918898653766124,-8.155294000005519,BTCUSDT/ETHUSDT
2613,2654,41,3.2402126385800303,0.000997630044705111,419.57340600000174,BTCUSDT/ETHUSDT
2665,2698,33,-1.2993669640939485,0.03388352612236947,266.84880600000173,BTCUSDT/ETHUSDT
2746,2750,4,-1.3033125228762572,-0.008109537436493567,195.45754199999766,BTCUSDT/ETHUSDT
2751,2753,2,3.338058057048066,4.776838441011217,-294.2693600000029,BTCUSDT/ETHUSDT
2754,2755,1,5.495217143348517,4.780448742253156,-1.966454000001162,BTCUSDT/ETHUSDT
2756,2757,1,3.7246374218662215,3.6560207994733616,-52.05612999999419,BTCUSDT/ETHUSDT
2758,2837,79,3.1406058394866525,0.052697864499561924,-123.8267100000029,BTCUSDT/ETHUSDT
2846,2850,4,1.016235049952874,0.02452893949458447,194.6689639999968,BTCUSDT/ETHUSDT
2865,2877,12,1.9488741505259481,-4.753077702767895,749.7679839999953,BTCUSDT/ETHUSDT
2878,2879,1,-5.248665591172894,-3.5075537305205655,151.26722800000087,BTCUSDT/ETHUSDT
96,98,2,2.4604776418851295,3.2294252248868287,-21.066511900000144,ETHUSDT/BNBUSDT
99,156,57,3.2913302388108296,-0.002202125649330446,19.19518636000007,ETHUSDT/BNBUSDT
181,200,19,-1.0925620484985283,0.03089276614752209,23.292198440000462,ETHUSDT/BNBUSDT
223,236,13,-1.097814539033982,-4.002311934139849,-29.782594659999937,ETHUSDT/BNBUSDT
237,238,1,-4.396302808482554,-4.110346511889725,-0.8655392199997098,ETHUSDT/BNBUSDT
239,240,1,-5.557548419531795,-11.887625816341817,-100.37909182000014,ETHUSDT/BNBUSDT
241,242,1,-6.942535801765301,-5.624548622005168,0.4262313999999074,ETHUSDT/BNBUSDT
243,244,1,-3.680843713317948,-3.9842937469629582,-18.721740099999757,ETHUSDT/BNBUSDT
245,246,1,-3.83298312135721,-3.528277149137731,0.4598707399998609,ETHUSDT/BNBUSDT
247,248,1,-3.2528330347147767,-3.3186114439201746,-10.72655738000012,ETHUSDT/BNBUSDT
249,251,2,-3.318020130293604,-3.088819015402938,-6.606586699999813,ETHUSDT/BNBUSDT
252,333,81,-2.790919979521006,-0.020670714056771098,15.08649533999988,ETHUSDT/BNBUSDT
336,347,11,1.131037692713522,4.432212713738636,-36.55578093999992,ETHUSDT/BNBUSDT
348,349,1,3.760936429633888,4.311941482112864,-9.766189159999701,ETHUSDT/BNBUSDT
350,351,1,3.65847174086888,3.5450985842510634,-2.1067011000002287,ETHUSDT/BNBUSDT
352,356,4,2.8217512752759792,3.554370283535648,-18.913494320000193,ETHUSDT/BNBUSDT
357,390,33,2.8722727542697024,0.019726373205064724,31.160410120000197,ETHUSDT/BNBUSDT
432,473,41,-1.044467598385825,-0.05783549576594368,4.614079680000424,ETHUSDT/BNBUSDT
476,519,43,2.8803663339148997,-0.04923080459292414,27.040139980000195,ETHUSDT/BNBUSDT
570,577,7,-1.0591473500379611,0.032522093413283173,7.9443743400001345,ETHUSDT/BNBUSDT
580,583,3,1.2860432124604333,0.015996871675820454,8.781564679999924,ETHUSDT/BNBUSDT
594,610,16,1.0460799044420959,-0.05335765007841623,4.184254760000058,ETHUSDT/BNBUSDT
612,638,26,-1.3114136927919595,-3.107212273141659,-7.826486919999768,ETHUSDT/BNBUSDT
639,660,21,-2.3307664585319765,0.048461946306782654,10.41501916000002,ETHUSDT/BNBUSDT
664,667,3,-1.2370614073257904,-3.706229572358283,-13.874979999999864,ETHUSDT/BNBUSDT
668,669,1,-2.939478693189115,-4.117253312171538,-7.802130839999753,ETHUSDT/BNBUSDT
670,674,4,-3.360602364806691,-4.054898176863483,-10.023525119999789,ETHUSDT/BNBUSDT
675,676,1,-4.448898221995717,-3.02040661462735,8.999671380000102,ETHUSDT/BNBUSDT
677,683,6,-2.704746641733638,-3.5237624639105163,-16.638796160000147,ETHUSDT/BNBUSDT
684,685,1,-3.6596981443979195,-3.602329617067366,-2.6343496199998713,ETHUSDT/BNBUSDT
686,697,11,-2.6133299637843166,-0.04191204626934912,30.245759459999878,ETHUSDT/BNBUSDT
719,743,24,1.2526655502356012,3.1029449378636693,-62.46016896000037,ETHUSDT/BNBUSDT
744,745,1,3.0573637277583527,3.1558100822028483,-6.945974699999731,ETHUSDT/BNBUSDT
746,747,1,3.5267924554552317,3.2787543127196086,0.2497496399997229,ETHUSDT/BNBUSDT
748,749,1,3.2711566582341254,3.1505704071208336,-2.5075782199996914,ETHUSDT/BNBUSDT
750,751,1,3.169192179407919,3.059431458843313,-2.5787498799999833,ETHUSDT/BNBUSDT
752,802,50,2.7728648688680306,0.046294996695607514,49.26456387999996,ETHUSDT/BNBUSDT
819,853,34,-1.5306535800552934,0.015043869721080566,26.7971780999999,ETHUSDT/BNBUSDT
854,865,11,1.8253286027009152,3.3704412613525703,-45.891346620000135,ETHUSDT/BNBUSDT
866,867,1,3.2265453690425465,3.552609215531255,-14.641697420000321,ETHUSDT/BNBUSDT
868,948,80,2.729641629061819,3.1683284694335674,-138.45912416000033,ETHUSDT/BNBUSDT
949,956,7,3.219344936166241,3.7532123874025087,-68.62325540000029,ETHUSDT/BNBUSDT
957,958,1,3.210080818580431,3.060657187193447,-1.3783145599999085,ETHUSDT/BNBUSDT
959,1047,88,2.8936008096608274,0.01864413673870378,-18.417289100000374,ETHUSDT/BNBUSDT
1061,1104,43,-1.1384745371527203,3.3328407173266683,86.77851699999994,ETHUSDT/BNBUSDT
1105,1110,5,3.080550611995487,3.034899575731445,-6.396265959999952,ETHUSDT/BNBUSDT
1111,1113,2,2.5265834234677316,3.2469692993029033,-21.52608317999985,ETHUSDT/BNBUSDT
1114,1115,1,2.861693010973681,3.3978618218349665,-16.97638740000006,ETHUSDT/BNBUSDT
1116,1124,8,3.4795772039240833,0.03252118350980036,88.29598063999987,ETHUSDT/BNBUSDT
1125,1142,17,-1.2447384283558613,-3.136104955826924,-66.7171925000001,ETHUSDT/BNBUSDT
1143,1145,2,-2.314622265257722,-3.566286163605464,-51.54575033999997,ETHUSDT/BNBUSDT
1146,1213,67,-2.7304436190544044,0.011578375201362241,56.591850979999755,ETHUSDT/BNBUSDT
1229,1342,113,1.3193555272760524,-3.020260695639816,93.0580933799999,ETHUSDT/BNBUSDT
1343,1382,39,-3.145821298347602,0.054114806659949215,40.1465059800003,ETHUSDT/BNBUSDT
1392,1411,19,1.2033291674617437,-0.010752185200942102,23.610324780000045,ETHUSDT/BNBUSDT
1417,1429,12,1.8900696367057384,-0.04438353872112718,22.670519480000138,ETHUSDT/BNBUSDT
1442,1449,7,-1.2826208842715385,0.003599697571218099,14.774657659999628,ETHUSDT/BNBUSDT
1455,1501,46,1.34544140762662,3.644620969479372,-24.970472099999974,ETHUSDT/BNBUSDT
1502,1506,4,3.0516960664473434,3.038817328664789,-5.038314679999472,ETHUSDT/BNBUSDT
1507,1508,1,3.6240116166392036,3.0148799456201014,4.522145459999898,ETHUSDT/BNBUSDT
1509,1526,17,2.8078288647618073,3.024348282432543,-32.82870178000017,ETHUSDT/BNBUSDT
1527,1565,38,3.040692541369084,0.01538392159358794,43.40522970000028,ETHUSDT/BNBUSDT
1583,1667,84,-1.0262799246319327,0.018499415087534582,-3.695336400000225,ETHUSDT/BNBUSDT
1668,1673,5,1.178417288000357,-0.02717992289840263,10.396352820000166,ETHUSDT/BNBUSDT
1674,1684,10,-1.4636654916081377,-3.062202210003117,-18.73551525999993,ETHUSDT/BNBUSDT
1685,1698,13,-2.8718333653113692,-4.259015537780635,-13.953937620000016,ETHUSDT/BNBUSDT
1699,1700,1,-4.402151633127817,-5.4695218074027006,-15.38735281999971,ETHUSDT/BNBUSDT
1701,1702,1,-3.044169502913565,-3.0906369278450585,-2.6405384599996795,ETHUSDT/BNBUSDT
1703,1704,1,-3.5011876780928546,-4.4497858327799635,-16.27754758000004,ETHUSDT/BNBUSDT
1705,1706,1,-4.210520484270206,-3.4334364890477507,6.496485239999761,ETHUSDT/BNBUSDT
1707,1708,1,-3.52612014376608,-3.3506850131742203,-1.2012338800003282,ETHUSDT/BNBUSDT
1709,1711,2,-2.6178111783947164,-3.8572243700469366,-30.805949299999977,ETHUSDT/BNBUSDT
1712,1713,1,-3.2109078903404935,-3.489663554748066,-10.914718080000096,ETHUSDT/BNBUSDT
1714,1767,53,-2.8874628031191527,0.008630899175865046,32.96106309999963,ETHUSDT/BNBUSDT
1793,1794,1,-1.9453888442784715,-3.8173676877843192,-22.557722879999854,ETHUSDT/BNBUSDT
1795,1827,32,-2.8939081337965127,0.040484260744746176,43.00495149999998,ETHUSDT/BNBUSDT
1861,1936,75,-1.1032113735109181,0.010612803109382124,1.9595664199999403,ETHUSDT/BNBUSDT
1951,1981,30,1.0901702852566069,0.023334982424481298,4.388885759999985,ETHUSDT/BNBUSDT
1982,1992,10,-1.281065212353408,-0.035772545036955754,6.353143719999882,ETHUSDT/BNBUSDT
1997,2009,12,-1.1243979709314114,-3.082285750970913,-6.585225219999501,ETHUSDT/BNBUSDT
2010,2011,1,-2.453359702876323,-3.4286716726124067,-3.8966733399998446,ETHUSDT/BNBUSDT
2012,2013,1,-4.560392815895379,-4.081165949967944,0.0585943400000443,ETHUSDT/BNBUSDT
2014,2015,1,-3.970661513154606,-3.1613761314401296,2.3762151000002105,ETHUSDT/BNBUSDT
2016,2017,1,-2.718941508137582,-3.217666516137864,-3.326102219999628,ETHUSDT/BNBUSDT
2018,2021,3,-3.0734453583226706,-5.354354296347638,-16.07930505999987,ETHUSDT/BNBUSDT
2022,2023,1,-3.804734848185756,-4.141147296235709,-4.749735059999963,ETHUSDT/BNBUSDT
2024,2025,1,-3.888270699327783,-3.1912235272287406,3.40196541999965,ETHUSDT/BNBUSDT
2026,2027,1,-3.120383845114018,-3.2771598665346278,-3.2285780799998234,ETHUSDT/BNBUSDT
2028,2029,1,-3.4197364448882914,-3.2276317231196003,-0.30564884000044373,ETHUSDT/BNBUSDT
2030,2033,3,-3.043536951378308,-3.280541392598496,-8.335968200000112,ETHUSDT/BNBUSDT
2034,2035,1,-3.189930973686548,-3.2896281138020966,-3.982818000000236,ETHUSDT/BNBUSDT
2036,2057,21,-3.1434299016775116,-3.4875273639697912,-48.19469312000071,ETHUSDT/BNBUSDT
2058,2148,90,-2.8832159029082804,-3.0364002171348536,-92.18566658000012,ETHUSDT/BNBUSDT
2149,2150,1,-4.142401852070604,-3.97477398797264,-2.926023659999511,ETHUSDT/BNBUSDT
2151,2152,1,-4.356423857479759,-3.6849047016992826,8.243235420000014,ETHUSDT/BNBUSDT
2153,2154,1,-3.0675937228759573,-3.1240172591827555,-7.265099239999969,ETHUSDT/BNBUSDT
2155,2231,76,-3.0911154680952055,-0.03197215522449546,5.333083139999922,ETHUSDT/BNBUSDT
2243,2264,21,1.143515956234202,0.0145787100602383,15.362497640000049,ETHUSDT/BNBUSDT
2266,2309,43,1.0233674674623807,-0.015087334984477944,10.212284740000069,ETHUSDT/BNBUSDT
2311,2333,22,-1.1752569021657688,-0.028709344171431547,11.722960620000343,ETHUSDT/BNBUSDT
2347,2367,20,1.051151175276886,-3.2382159095796514,47.40272123999978,ETHUSDT/BNBUSDT
2368,2372,4,-3.0895341073667444,-3.2233824171463534,-6.823395739999861,ETHUSDT/BNBUSDT
2373,2386,13,-2.049247441723893,0.042902634405873656,24.237992940000225,ETHUSDT/BNBUSDT
2408,2449,41,1.2733551720440255,3.0849806218709825,-22.1941784400001,ETHUSDT/BNBUSDT
2450,2467,17,1.9974164937227497,3.0151781398720594,-28.177788519999687,ETHUSDT/BNBUSDT
2468,2525,57,2.5957133290699,0.013493356484324205,17.043366620000043,ETHUSDT/BNBUSDT
2554,2566,12,1.3504299266124238,0.0016136657893480264,7.7351516200002255,ETHUSDT/BNBUSDT
2574,2580,6,1.5052881185644762,-0.03659051097965016,7.738445680000079,ETHUSDT/BNBUSDT
2588,2597,9,-1.3491733092358154,3.6666828470683437,22.45021674000006,ETHUSDT/BNBUSDT
2598,2607,9,1.2064308959624963,3.06225541826147,-11.771173680000043,ETHUSDT/BNBUSDT
2608,2610,2,2.7597826185256165,3.481512549671716,-5.90105894000011,ETHUSDT/BNBUSDT
2611,2612,1,4.625686599072947,3.7536260941321165,2.9279202399997155,ETHUSDT/BNBUSDT
2613,2638,25,3.259820217037595,0.02310569018423392,19.091972480000102,ETHUSDT/BNBUSDT
2651,2726,75,-1.2628245539516532,-0.020978524901235494,0.55479956000009,ETHUSDT/BNBUSDT
2738,2754,16,-1.549574140262777,3.2864187589164353,33.621372399999785,ETHUSDT/BNBUSDT
2755,2756,1,3.8903676117783195,3.5915357225246414,0.2819915000000272,ETHUSDT/BNBUSDT
2757,2758,1,3.793748854600207,3.659725012596016,-1.487317999999782,ETHUSDT/BNBUSDT
2759,2760,1,3.2816150255925476,3.5296876271895803,-5.030828179999761,ETHUSDT/BNBUSDT
2761,2840,79,3.290766291795315,0.029332116080137974,5.127154480000321,ETHUSDT/BNBUSDT
2845,2847,2,1.1520074841347872,4.100534282122706,-23.19347646000028,ETHUSDT/BNBUSDT
2848,2849,1,4.591891860801048,5.747095795573632,-10.71148456000027,ETHUSDT/BNBUSDT
2850,2851,1,5.3747098442297245,5.507931396901363,-8.435688379999366,ETHUSDT/BNBUSDT
2852,2853,1,5.224725554866991,4.828824597262595,-3.4236263600003407,ETHUSDT/BNBUSDT
2854,2855,1,4.106390337616208,3.409911807847592,5.615174460000151,ETHUSDT/BNBUSDT
2856,2858,2,3.23044091313866,3.033946901825082,-2.909154080000114,ETHUSDT/BNBUSDT
96,97,1,3.940534069134393,3.5349798362325457,43.86530008000031,BTCUSDT/BNBUSDT
98,99,1,3.5299497226320233,3.8887950192300655,-335.12358977999804,BTCUSDT/BNBUSDT
100,101,1,3.214247887708861,3.1539340481265943,-81.25787207999944,BTCUSDT/BNBUSDT
102,174,72,2.78754278884698,-0.049751206848752005,-160.8546395399971,BTCUSDT/BNBUSDT
190,200,10,-1.1990383249420389,0.02642571276961447,434.9814215600083,BTCUSDT/BNBUSDT
223,237,14,-1.001639504567028,-4.264423947994272,-659.4146133399996,BTCUSDT/BNBUSDT
238,239,1,-3.2782003180041426,-6.588519317300652,-783.3264698000014,BTCUSDT/BNBUSDT
240,241,1,-11.982058977535564,-6.649163758247149,372.914643219997,BTCUSDT/BNBUSDT
242,243,1,-5.724083789062889,-3.8723540291053284,600.48687454,BTCUSDT/BNBUSDT
244,245,1,-3.9552483542525985,-3.7451642040933644,-74.36001062000352,BTCUSDT/BNBUSDT
246,247,1,-3.3768547466240544,-3.1621077435064975,3.435604760000511,BTCUSDT/BNBUSDT
248,249,1,-3.271979638415208,-3.323063619280754,-200.24171496000056,BTCUSDT/BNBUSDT
250,327,77,-2.8391355876812856,0.018113214760085112,647.9764391799993,BTCUSDT/BNBUSDT
335,348,13,1.1806437299326167,3.4176640203921966,-641.498620279996,BTCUSDT/BNBUSDT
349,350,1,4.510500999942192,4.033296421393223,24.23160446000115,BTCUSDT/BNBUSDT
351,356,5,3.47190427587831,3.0429538197065567,-102.07732948000304,BTCUSDT/BNBUSDT
357,394,37,2.7048496720817052,0.019830489083604512,495.12886094000476,BTCUSDT/BNBUSDT
442,469,27,-1.0731544874231205,-0.01684860248887304,165.4585375800003,BTCUSDT/BNBUSDT
476,563,87,1.8976964784188939,-0.017178904334146542,366.9694638400034,BTCUSDT/BNBUSDT
575,629,54,1.0680980580872255,4.110425219789874,-409.2630980200013,BTCUSDT/BNBUSDT
630,631,1,3.7210389720369554,3.855832568986783,-38.92470918000514,BTCUSDT/BNBUSDT
632,633,1,3.394054750561095,3.054170928305409,16.932266960008413,BTCUSDT/BNBUSDT
634,635,1,3.2065511069601147,3.0332883349756825,-1.4422991800022311,BTCUSDT/BNBUSDT
636,670,34,2.7991717689114877,-3.342989694019676,756.5880856800019,BTCUSDT/BNBUSDT
672,682,10,-1.6621058884916262,-3.0245058960709583,-320.3700939600017,BTCUSDT/BNBUSDT
683,684,1,-3.650643063981389,-3.2758562983218247,23.174710300002264,BTCUSDT/BNBUSDT
685,703,18,-3.60469927162211,0.03870937654503291,679.3178229600029,BTCUSDT/BNBUSDT
718,720,2,1.1327240284498288,4.340525385329295,-889.037846199996,BTCUSDT/BNBUSDT
721,722,1,1.8105268105346888,3.0214678007567786,-378.4601433199992,BTCUSDT/BNBUSDT
723,724,1,3.5462897555348767,3.2222839987771934,28.01617993999577,BTCUSDT/BNBUSDT
725,744,19,3.1069688217949514,3.1196449369087023,-788.6947893999984,BTCUSDT/BNBUSDT
745,746,1,3.1280111979108884,4.450907788694497,-907.4861793200024,BTCUSDT/BNBUSDT
747,748,1,4.088758978191448,3.9426326717557454,-148.32243817999904,BTCUSDT/BNBUSDT
749,750,1,3.0446748281221407,3.051054076338432,-140.47558798000188,BTCUSDT/BNBUSDT
751,839,88,3.084241660979331,-0.04138392146632568,249.65690722000107,BTCUSDT/BNBUSDT
852,853,1,7.378558258012132,-4.139655340050559,2049.5299935600074,BTCUSDT/BNBUSDT
854,855,1,-3.453488509014052,-5.588575029430429,-536.3175875399966,BTCUSDT/BNBUSDT
856,857,1,-4.305589290931725,-3.0758630124845268,239.16582521999905,BTCUSDT/BNBUSDT
858,949,91,-2.2215565935481014,0.04408265894734668,-236.85409383999763,BTCUSDT/BNBUSDT
953,956,3,1.6033539281684097,4.060140792728093,-1068.5949605799924,BTCUSDT/BNBUSDT
957,986,29,2.264998246145742,-0.03748269924447009,900.7253707200014,BTCUSDT/BNBUSDT
1002,1018,16,1.2943857486719992,3.760766284434526,-1806.5933680199998,BTCUSDT/BNBUSDT
1019,1034,15,3.5684440225995058,0.059376106454842405,1989.1752280399974,BTCUSDT/BNBUSDT
1061,1117,56,-1.1231206044164839,-3.397192194420239,-1015.0630916999983,BTCUSDT/BNBUSDT
1118,1119,1,-4.684947229874914,-4.616215981761839,-89.18218260000076,BTCUSDT/BNBUSDT
1120,1121,1,-4.402137438651508,-4.553678360781615,-243.04073779999936,BTCUSDT/BNBUSDT
1122,1123,1,-5.288146620607029,-4.499774398441992,58.18038645999592,BTCUSDT/BNBUSDT
1124,1125,1,-4.101595228820142,-3.960916476513506,-134.18113841999272,BTCUSDT/BNBUSDT
1126,1145,19,-3.479756750437122,-3.145956123290315,-1643.9289918800007,BTCUSDT/BNBUSDT
1146,1213,67,-2.611691182740284,0.03831138989880502,775.4855089800079,BTCUSDT/BNBUSDT
1251,1272,21,-1.0113824098177868,0.032547323777570816,174.05593436000038,BTCUSDT/BNBUSDT
1276,1306,30,1.2170596357791168,0.0510534936130813,175.18170431999516,BTCUSDT/BNBUSDT
1317,1331,14,1.0316054520893565,-3.083870529731029,448.36997869999453,BTCUSDT/BNBUSDT
1332,1333,1,-2.467577954221522,-4.927749284281866,-301.22940932000387,BTCUSDT/BNBUSDT
1334,1337,3,-3.997685847361669,-3.3913631121029404,17.791317879993866,BTCUSDT/BNBUSDT
1338,1339,1,-3.2863920844823102,-3.3245232440952686,-37.80163435999313,BTCUSDT/BNBUSDT
1340,1341,1,-4.511029640534824,-4.046316712638303,3.6176764400056474,BTCUSDT/BNBUSDT
1342,1343,1,-4.329567325504951,-4.719420601128622,-174.07509979999557,BTCUSDT/BNBUSDT
1344,1369,25,-2.9219668698279873,-0.039286316467194604,621.9458786799999,BTCUSDT/BNBUSDT
1403,1418,15,-1.6305373161224452,3.5218182195244756,1128.712254319995,BTCUSDT/BNBUSDT
1419,1433,14,1.9702484397366848,0.03276300238518412,414.4389646600012,BTCUSDT/BNBUSDT
1455,1465,10,1.4240707407887356,0.05967231178769275,219.63704042000055,BTCUSDT/BNBUSDT
1474,1498,24,1.2268127440303696,-3.1896872335504556,821.5774937999938,BTCUSDT/BNBUSDT
1502,1543,41,1.6366484288850898,-0.029248944721021613,144.99034675999818,BTCUSDT/BNBUSDT
1559,1641,82,-1.0252829073318446,-0.006129838419577862,-93.07596116000381,BTCUSDT/BNBUSDT
1656,1698,42,1.6467235378138614,-3.5653303628439117,727.7119564399998,BTCUSDT/BNBUSDT
1699,1700,1,-4.642289921367684,-5.728484653743629,-241.07039082000213,BTCUSDT/BNBUSDT
1701,1702,1,-2.819775448995615,-3.9052118708430457,-227.97420646000174,BTCUSDT/BNBUSDT
1703,1704,1,-3.898118219925517,-5.034747519374762,-307.26282958000525,BTCUSDT/BNBUSDT
1705,1706,1,-4.626559989264484,-3.8471035159271545,83.8170572399957,BTCUSDT/BNBUSDT
1707,1708,1,-3.708962840433135,-4.111016776663387,-207.89850788000547,BTCUSDT/BNBUSDT
1709,1710,1,-3.0345492756392245,-3.3448887059513166,-165.55686028000036,BTCUSDT/BNBUSDT
1711,1712,1,-4.08536747103302,-3.43988078241799,116.54264496000202,BTCUSDT/BNBUSDT
1713,1714,1,-3.869826133489374,-3.304159630500204,117.20015929999471,BTCUSDT/BNBUSDT
1715,1794,79,-3.4134824004103095,-3.505543939527545,-463.2437576200026,BTCUSDT/BNBUSDT
1795,1808,13,-3.2930223377212013,3.6580326817774305,1751.2561546199945,BTCUSDT/BNBUSDT
1809,1884,75,2.473740080790652,0.04836492321256408,375.9492710399954,BTCUSDT/BNBUSDT
1905,1908,3,1.5307587521524901,4.179616972855336,-125.69554004000814,BTCUSDT/BNBUSDT
1909,1951,42,3.318420783025373,0.03432488472921646,169.41679986000128,BTCUSDT/BNBUSDT
1959,1993,34,1.31285941138766,0.049260478987171286,37.71948249999855,BTCUSDT/BNBUSDT
2007,2021,14,1.322935398529012,-5.4614703190914256,482.0630218599931,BTCUSDT/BNBUSDT
2022,2023,1,-3.55910312671351,-3.6472095109445375,-28.886211060001614,BTCUSDT/BNBUSDT
2024,2027,3,-4.049372112544463,-3.202304974501661,17.98257300000668,BTCUSDT/BNBUSDT
2028,2029,1,-3.5787883397358704,-3.961690101871523,-76.1289208399982,BTCUSDT/BNBUSDT
2030,2031,1,-3.9354593402145572,-3.1883984772430263,59.39659334000111,BTCUSDT/BNBUSDT
2032,2033,1,-3.598725150984197,-4.0235524608477355,-105.74162186000765,BTCUSDT/BNBUSDT
2034,2035,1,-3.4651666125922156,-4.665870767008258,-255.0401,BTCUSDT/BNBUSDT
2036,2057,21,-3.9427354041028706,-3.393578107758312,-440.0880131200006,BTCUSDT/BNBUSDT
2058,2094,36,-2.7201655683567583,-3.532767163949729,-975.6303985399996,BTCUSDT/BNBUSDT
2095,2284,189,-2.713522687356374,-0.05182900805434313,4.280081959998245,BTCUSDT/BNBUSDT
2291,2315,24,-1.2891769315751116,-0.05221779914239503,399.58914253999797,BTCUSDT/BNBUSDT
2325,2332,7,-1.0399318390354269,0.05956246632927498,177.2373974000007,BTCUSDT/BNBUSDT
2348,2353,5,1.534393819362477,0.016808158708316524,209.32204089999516,BTCUSDT/BNBUSDT
2358,2376,18,-1.0509577784781179,-0.029504480686313138,102.5288153400075,BTCUSDT/BNBUSDT
2386,2396,10,-1.4082632304661968,0.04018932175957306,214.05939828000413,BTCUSDT/BNBUSDT
2409,2431,22,1.9115271560008293,-0.038140278073728384,199.66585338000053,BTCUSDT/BNBUSDT
2433,2442,9,1.4336335450057471,4.534208554103219,-471.4716207599979,BTCUSDT/BNBUSDT
2443,2444,1,4.379673128433946,4.694235043602157,-123.04222462000033,BTCUSDT/BNBUSDT
2445,2446,1,5.116967000846604,5.793768693215652,-264.1104439400071,BTCUSDT/BNBUSDT
2447,2448,1,5.110630843085243,4.666745767727637,-45.510633140001055,BTCUSDT/BNBUSDT
2449,2450,1,4.62766062716205,3.4057772384222362,247.57176724000587,BTCUSDT/BNBUSDT
2451,2459,8,2.982883953655747,3.0329848520619276,-440.6469053000008,BTCUSDT/BNBUSDT
2460,2541,81,2.6904505922329105,0.005556187677884455,-223.81141299999652,BTCUSDT/BNBUSDT
2574,2581,7,1.0959239120921902,3.0161324573139368,-177.21334077999833,BTCUSDT/BNBUSDT
2582,2583,1,3.3808460098018838,3.1722598944991605,4.41004759999785,BTCUSDT/BNBUSDT
2584,2585,1,2.6823634466537927,3.287970844124026,-82.3284415799942,BTCUSDT/BNBUSDT
2586,2610,24,2.6349953851571013,3.4325875063258238,-395.79378650000695,BTCUSDT/BNBUSDT
2611,2612,1,4.1669661832234315,3.821105187126833,-5.227373760006031,BTCUSDT/BNBUSDT
2613,2654,41,3.2635377954415383,-0.044557205199145834,449.8742661000068,BTCUSDT/BNBUSDT
2665,2696,31,-1.3367867810031695,0.028799527287498364,275.6805801400002,BTCUSDT/BNBUSDT
2746,2751,5,-1.364011163504532,3.283094660401921,746.6817492399933,BTCUSDT/BNBUSDT
2752,2753,1,2.615017847419484,4.724061955875316,-384.8608013600053,BTCUSDT/BNBUSDT
2754,2755,1,5.4652403815209984,4.790684221767206,-8.36741149999971,BTCUSDT/BNBUSDT
2756,2757,1,3.7478254490822707,3.685013438262764,-56.25795307999392,BTCUSDT/BNBUSDT
2758,2837,79,3.177451173996809,0.05556175400653121,-122.39479209999988,BTCUSDT/BNBUSDT
2846,2877,31,1.0910470241086072,-4.313339548634481,628.1416062599973,BTCUSDT/BNBUSDT
2878,2879,1,-4.97292482589697,-3.3268180353458727,153.71561296,BTCUSDT/BNBUSDT
